time,rate,requested_rate
2026-04-22T15:30:32.800831676+00:00,12483,
2026-04-22T15:30:33.800235749+00:00,0,
2026-04-22T15:30:34.800553794+00:00,0,
2026-04-22T15:30:35.801018117+00:00,0,
2026-04-22T15:30:36.800418351+00:00,0,
2026-04-22T15:30:37.800740523+00:00,0,
2026-04-22T15:30:38.801010897+00:00,0,
2026-04-22T15:30:39.800332880+00:00,0,
2026-04-22T15:30:40.800591341+00:00,0,
2026-04-22T15:30:41.800985200+00:00,0,
2026-04-22T15:30:42.800345041+00:00,0,
2026-04-22T15:30:43.800716213+00:00,0,
2026-04-22T15:30:44.801113551+00:00,0,
2026-04-22T15:30:45.800443140+00:00,0,
2026-04-22T15:30:46.800592926+00:00,12483,
2026-04-22T15:30:47.800960078+00:00,0,
2026-04-22T15:30:48.800397472+00:00,0,
2026-04-22T15:30:49.800818882+00:00,0,
2026-04-22T15:30:50.800165907+00:00,0,
2026-04-22T15:30:51.800566231+00:00,0,
2026-04-22T15:30:52.801051870+00:00,0,
2026-04-22T15:30:53.800413319+00:00,0,
2026-04-22T15:30:54.800772988+00:00,0,
2026-04-22T15:30:55.800191047+00:00,0,
2026-04-22T15:30:56.800583971+00:00,0,
2026-04-22T15:30:57.800952164+00:00,0,
2026-04-22T15:30:58.800333264+00:00,0,
2026-04-22T15:30:59.800714159+00:00,0,
2026-04-22T15:31:00.800325563+00:00,12483,
2026-04-22T15:31:01.800679086+00:00,0,
2026-04-22T15:31:02.801045910+00:00,0,
2026-04-22T15:31:03.800356923+00:00,0,
2026-04-22T15:31:04.800770555+00:00,0,
2026-04-22T15:31:05.800182218+00:00,0,
2026-04-22T15:31:06.800493043+00:00,0,
2026-04-22T15:31:07.800908465+00:00,0,
2026-04-22T15:31:08.800365312+00:00,0,
2026-04-22T15:31:09.800730314+00:00,0,
2026-04-22T15:31:10.801103530+00:00,0,
2026-04-22T15:31:11.800524623+00:00,0,
2026-04-22T15:31:12.800948765+00:00,0,
2026-04-22T15:31:13.800317679+00:00,0,
2026-04-22T15:31:14.800129307+00:00,12483,
2026-04-22T15:31:15.800541084+00:00,0,
2026-04-22T15:31:16.800913789+00:00,0,
2026-04-22T15:31:17.800241629+00:00,0,
2026-04-22T15:31:18.800691445+00:00,0,
2026-04-22T15:31:19.801045262+00:00,0,
2026-04-22T15:31:20.800472727+00:00,0,
2026-04-22T15:31:21.800969146+00:00,0,
2026-04-22T15:31:22.800354708+00:00,0,
2026-04-22T15:31:23.800758535+00:00,0,
2026-04-22T15:31:24.800236246+00:00,0,
2026-04-22T15:31:25.800556120+00:00,0,
2026-04-22T15:31:26.800934117+00:00,0,
2026-04-22T15:31:27.800363030+00:00,0,
2026-04-22T15:31:28.800276040+00:00,12483,
2026-04-22T15:31:29.800639969+00:00,0,
2026-04-22T15:31:30.800946561+00:00,0,
2026-04-22T15:31:31.800362205+00:00,0,
2026-04-22T15:31:32.800766100+00:00,0,
2026-04-22T15:31:33.801089291+00:00,0,
2026-04-22T15:31:34.800481510+00:00,0,
2026-04-22T15:31:35.800768205+00:00,0,
2026-04-22T15:31:36.801098912+00:00,0,
2026-04-22T15:31:37.800449712+00:00,0,
2026-04-22T15:31:38.800893147+00:00,0,
2026-04-22T15:31:39.800375619+00:00,0,
2026-04-22T15:31:40.800775034+00:00,0,
2026-04-22T15:31:41.800837514+00:00,12052,
