x,ecdf,key,label
16963.877800853774,0.0,flink_q5_e2c,flink_q5_e2c
16963.877800853774,0.1111111111111111,flink_q5_e2c,flink_q5_e2c
18006.317085763698,0.1111111111111111,flink_q5_e2c,flink_q5_e2c
18006.317085763698,0.2222222222222222,flink_q5_e2c,flink_q5_e2c
21378.41911795803,0.2222222222222222,flink_q5_e2c,flink_q5_e2c
21378.41911795803,0.3333333333333333,flink_q5_e2c,flink_q5_e2c
22621.240690959894,0.3333333333333333,flink_q5_e2c,flink_q5_e2c
22621.240690959894,0.4444444444444444,flink_q5_e2c,flink_q5_e2c
30280.555269023975,0.4444444444444444,flink_q5_e2c,flink_q5_e2c
30280.555269023975,0.5555555555555556,flink_q5_e2c,flink_q5_e2c
31035.26108295317,0.5555555555555556,flink_q5_e2c,flink_q5_e2c
31035.26108295317,0.6666666666666666,flink_q5_e2c,flink_q5_e2c
36201.686046308016,0.6666666666666666,flink_q5_e2c,flink_q5_e2c
36201.686046308016,0.7777777777777778,flink_q5_e2c,flink_q5_e2c
37125.14199357977,0.7777777777777778,flink_q5_e2c,flink_q5_e2c
37125.14199357977,0.8888888888888888,flink_q5_e2c,flink_q5_e2c
41478.30107764233,0.8888888888888888,flink_q5_e2c,flink_q5_e2c
41478.30107764233,1.0,flink_q5_e2c,flink_q5_e2c
