sample,value,ci_low,ci_high
0.0,58.29184391782647,39.455027656666935,77.128660178986
0.023295,58.203445467333985,35.89798345786225,80.50890747680572
0.04659,56.09934848830396,33.2415629642737,78.95713401233422
0.069885,54.31253265867296,32.42694531390254,76.19812000344336
0.09318,49.36576939268698,29.948948951974543,68.78258983339941
0.116475,43.198467415891926,28.389407390392023,58.00752744139183
0.13977,38.32373196101267,30.11727789151985,46.53018603050549
0.163065,35.45353798262766,32.18767372473285,38.71940224052246
0.18636,34.210198804497004,32.70695457370906,35.713443035284946
0.209655,34.09687849586511,32.67799968427752,35.5157573074527
0.23295,33.52722921552205,32.311309689896106,34.74314874114799
0.256245,33.416727750832464,32.13986678071294,34.693588720951986
0.27954,33.74906982924709,33.09914177235677,34.398997886137415
0.302835,34.50131352354285,33.06719987616312,35.93542717092257
0.32613,34.88922923934533,32.111352338503664,37.667106140187
0.349425,35.17789892465872,32.328655073779856,38.027142775537584
0.37272,35.34147400727472,32.24221933150978,38.44072868303966
0.396015,34.993200964947896,32.428816794833175,37.55758513506262
0.41931,34.12210956514795,33.35653366744676,34.88768546284914
0.44260499999999997,33.46981184224132,32.775882459689015,34.163741224793625
0.4659,33.37491764121882,32.70457854553841,34.04525673689923
0.489195,33.31092810626028,32.52239383968669,34.09946237283386
0.51249,33.313170834608016,32.40642262473767,34.21991904447836
0.535785,33.11107141975057,32.21014267053466,34.01200016896649
0.55908,32.77989715835927,31.46300322836323,34.0967910883553
0.582375,32.28354838228935,30.866417454426866,33.70067931015183
0.60567,31.62124691809128,30.104947184651415,33.137546651531146
0.628965,31.00880089674279,29.393175310988013,32.62442648249757
0.65226,30.55471139151456,28.67809285878916,32.431329924239954
0.675555,30.283515881014146,27.887311677110453,32.67972008491784
0.69885,30.11039190531138,27.303832336620978,32.916951474001785
0.722145,29.920555527183346,27.134841016971734,32.70627003739496
0.74544,29.699730939135918,26.866698409612155,32.53276346865968
0.768735,29.533343545636637,26.55871721215601,32.50796987911726
0.79203,29.29990430163987,26.272602243578014,32.32720635970173
0.815325,29.123776583982796,26.402771861318577,31.844781306647015
0.83862,28.9777426323557,26.61580726690909,31.33967799780231
0.861915,28.4881233386537,26.601123980762992,30.37512269654441
0.8852099999999999,27.918736616035588,26.331520522169264,29.505952709901912
0.908505,27.606381961792195,26.207004486717484,29.005759436866906
0.9318,27.141613980025756,25.426076303563853,28.85715165648766
0.955095,26.779716746241114,24.918967655334843,28.640465837147385
0.97839,26.740242383255598,24.768654312333865,28.71183045417733
1.001685,26.733646727461142,24.182507308898856,29.28478614602343
1.02498,26.374131611685648,23.7015686991216,29.046694524249695
1.048275,26.186855107449215,23.947594713004683,28.426115501893747
1.07157,25.99237606173341,24.14415736907818,27.84059475438864
1.094865,26.021988490401228,24.650949193365005,27.39302778743745
1.11816,26.005351077128932,25.330605478969336,26.680096675288528
1.1414549999999999,26.096871541916364,25.7277908610961,26.46595222273663
1.16475,26.04347461793164,25.84383749676838,26.2431117390949
1.188045,26.335222684417168,25.84586977873658,26.824575590097755
1.21134,26.284403611500583,25.312477480606944,27.25632974239422
1.234635,26.34601081957388,25.117976142190145,27.574045496957616
1.25793,26.443827997630926,24.85030448643878,28.037351508823072
1.281225,26.64809010874053,24.79202969169917,28.50415052578189
1.30452,26.41804234510701,24.659711189696036,28.176373500517986
1.327815,26.535535443933753,24.88687015360038,28.184200734267126
1.35111,26.52780612538546,24.75326901987032,28.3023432309006
1.3744049999999999,26.629022057021533,24.883382462452676,28.37466165159039
1.3977,26.79562175481358,25.305710979789943,28.28553252983722
1.420995,26.856490003555468,25.414679666416642,28.298300340694293
1.44429,26.88035992345165,25.175332161249834,28.585387685653465
1.467585,26.997016571111587,25.02775365170133,28.966279490521842
1.49088,26.816226722005005,24.710299874281013,28.922153569728998
1.514175,26.710315265325395,24.33352873864929,29.0871017920015
1.53747,26.868121846425712,24.45189924226252,29.284344450588904
1.560765,26.74216496111327,24.42452635362705,29.05980356859949
1.58406,26.72699706722373,24.718870550981737,28.735123583465725
1.607355,27.08795869173289,25.276387288069827,28.899530095395953
1.63065,27.24870521162549,25.55208441789446,28.945326005356524
1.653945,27.324571279303193,25.765284410664243,28.883858147942142
1.67724,27.479589890703764,25.85094046048461,29.10823932092292
1.700535,27.48140832174125,25.853411718562683,29.109404924919815
1.72383,27.5347943402084,25.854611855563732,29.214976824853068
1.747125,27.55394619998335,25.677885270924094,29.430007129042608
1.7704199999999999,27.21513086632008,25.545619716464476,28.884642016175686
1.793715,26.939924154217596,25.60342250165461,28.276425806780583
1.81701,26.67460365633842,25.690299271863775,27.658908040813063
1.840305,26.564080888671125,25.946250365406808,27.18191141193544
1.8636,26.611654600399454,25.972279654405014,27.251029546393895
1.886895,27.036807018014482,25.770492754368455,28.30312128166051
1.91019,27.465305988834487,25.621736587863804,29.30887538980517
1.933485,27.961162496790056,25.67291762409404,30.24940736948607
1.95678,27.93061311545131,25.18326010092502,30.677966129977605
1.980075,28.313980523920456,25.602503683073508,31.025457364767405
2.00337,28.357885782890033,25.81144197349111,30.904329592288956
2.026665,28.087946460253143,26.00286024468679,30.173032675819496
2.04996,27.587125109770565,26.25559118920633,28.918659030334798
2.073255,27.210031662119235,26.330747742017337,28.089315582221133
2.09655,26.657914521452806,26.354271843179454,26.96155719972616
2.1198449999999998,26.343300648038422,25.681496550661414,27.00510474541543
2.14314,26.17627374057207,25.45192047063952,26.90062701050462
2.166435,26.33588703726349,25.959648630599396,26.712125443927583
2.18973,26.48912080757001,26.123513968959898,26.854727646180123
2.213025,26.435062769691907,26.037167212938495,26.83295832644532
2.23632,26.731819498775042,26.26495895356915,27.198680043980936
2.259615,26.806840461251948,26.415646498185126,27.19803442431877
2.2829099999999998,26.627549910337162,25.84916335455362,27.405936466120703
2.306205,26.56860832566813,25.426576897386084,27.710639753950176
2.3295,26.453993961125114,25.35554618380283,27.5524417384474
2.352795,26.228144016012337,24.909066233147534,27.54722179887714
2.37609,26.30241152800775,25.029567914226238,27.57525514178926
2.399385,26.361965197366953,25.429080510434304,27.2948498842996
2.42268,26.301032673183762,25.64240332684527,26.959662019522256
2.445975,26.117471526156418,25.593769650155494,26.641173402157342
2.46927,25.977024765312485,25.5070906839699,26.446958846655072
2.492565,25.82073960787751,25.15815283585851,26.48332637989651
2.51586,25.650032488364033,24.947159352497042,26.352905624231024
2.539155,25.7022233234474,24.881733206365485,26.522713440529312
2.56245,25.902450701951153,25.364270446423312,26.440630957478994
2.585745,25.837213830290366,25.330408160819307,26.344019499761426
2.60904,26.093334621816197,25.55522055110707,26.631448692525325
2.632335,26.261511825526366,25.64199512988325,26.881028521169483
2.65563,26.383866821202318,25.868660571162657,26.89907307124198
2.678925,26.368762457900026,25.80715501731595,26.930369898484102
2.70222,26.50661755701487,25.78357246969993,27.22966264432981
2.725515,26.513649053416678,25.784901558434257,27.2423965483991
2.7488099999999998,26.561861114776804,25.853408780184886,27.27031344936872
2.772105,26.388641177031076,25.484439815683515,27.292842538378636
2.7954,26.403017615268823,25.45985355021471,27.346181680322935
2.818695,26.45621614100913,25.4683025054924,27.44412977652586
2.84199,26.318731797771086,25.311899646247824,27.32556394929435
2.865285,26.45034683202846,25.13091427653028,27.769779387526636
2.88858,26.769337351331714,25.40848186083709,28.13019284182634
2.9118749999999998,26.782370329069593,25.391353521770824,28.173387136368362
2.93517,26.687832273943062,25.2670602687052,28.108604279180923
2.958465,26.853038046008777,25.514587205046134,28.19148888697142
2.98176,26.771933728831463,25.7649295464786,27.778937911184325
3.005055,26.557289495904023,25.513672858942797,27.600906132865248
3.02835,26.53087956257686,25.483083630975027,27.578675494178693
3.051645,26.52458058918963,25.677657301699014,27.371503876680244
3.07494,26.30017407643978,25.599499844815377,27.000848308064185
3.098235,26.243226509081587,25.620537784769542,26.865915233393633
3.12153,26.29801829029251,25.60859348548397,26.987443095101053
3.144825,26.364299595668452,25.817969759400654,26.91062943193625
3.16812,26.226480357907462,25.861881512218762,26.591079203596163
3.191415,26.218901981468516,25.824476885993654,26.613327076943378
3.21471,26.12522353427021,25.68628892822096,26.564158140319456
3.238005,25.893482872489848,25.304383162349335,26.48258258263036
3.2613,25.97207420667101,24.85090248119204,27.09324593214998
3.284595,26.25153940793936,25.025163214357647,27.477915601521076
3.30789,26.40260025214732,25.190922156794446,27.614278347500193
3.331185,26.4054883705356,25.05599921806489,27.75497752300631
3.35448,26.541092886415463,25.048435000370542,28.033750772460383
3.3777749999999997,26.620619089458756,25.715747516717045,27.52549066220047
3.40107,26.49379098645969,25.94915512860837,27.038426844311008
3.424365,26.25243505803537,25.99884719440184,26.5060229216689
3.44766,26.403680745799214,26.04035790369913,26.767003587899296
3.470955,26.38275917971634,25.872988588190747,26.892529771241936
3.49425,26.015775362962962,25.338206072435657,26.693344653490268
3.517545,26.154364487372586,25.30363305650605,27.00509591823912
3.5408399999999998,26.33152350764834,25.208180378536024,27.454866636760652
3.564135,26.31534177278847,24.92252538909615,27.708158156480792
3.58743,26.337396762344977,24.659117322878473,28.01567620181148
3.610725,26.593033114007582,24.92462756805409,28.261438659961076
3.63402,26.534583501419746,25.438335442334104,27.63083156050539
3.657315,26.44484922790591,25.655783937682415,27.233914518129403
3.68061,26.38219658380711,25.64804322277434,27.116349944839882
3.703905,26.529232633844114,25.629220930240994,27.429244337447233
3.7272,26.497515553949285,25.49430880423172,27.500722303666848
3.750495,26.51411419742226,25.71353645157042,27.3146919432741
3.77379,26.748697912046374,25.654383657869637,27.84301216622311
3.797085,26.889051623377256,25.446800028200023,28.33130321855449
3.82038,26.785999298939302,25.082326142781575,28.48967245509703
3.843675,26.848085360538878,24.992433365637673,28.703737355440083
3.86697,26.90477494456488,25.077341195975585,28.732208693154178
3.890265,27.116386711255732,25.83019903877991,28.402574383731555
3.91356,27.088382104289416,25.886954562061312,28.28980964651752
3.936855,27.063202504158635,26.00315028207005,28.12325472624722
3.96015,26.814889462396074,25.92325846996731,27.70652045482484
3.983445,26.592483986986018,25.46666586972059,27.718302104251446
4.00674,25.997629074625547,24.990188312657555,27.005069836593538
4.030035,26.000534073732148,25.04891973085104,26.952148416613255
4.05333,25.960807011260318,25.182832816103968,26.738781206416668
4.076625,25.955356712939945,25.06867195164694,26.84204147423295
4.09992,26.04303047554096,25.211836274291734,26.874224676790185
4.123215,26.358899843374374,25.672502016252412,27.045297670496335
4.14651,26.401340224390857,26.15173516517846,26.650945283603253
4.169805,26.64908186700404,25.833003428297186,27.465160305710892
4.1931,27.180129589817422,25.62180933774901,28.738449841885835
4.216395,27.37263731312792,25.402336933117205,29.342937693138637
4.2396899999999995,27.430105004729306,25.153090396322582,29.70711961313603
4.262985,27.53504557591606,25.064304855041787,30.005786296790337
4.28628,27.753916626026147,25.36146079797549,30.146372454076804
4.309575,27.407684689845784,25.601584329966915,29.213785049724653
4.33287,27.060645295603113,25.66629496260604,28.454995628600184
4.356165,26.938060839332568,26.16392168468107,27.712199993984065
4.37946,26.730168274843617,26.246106808274554,27.21422974141268
4.402755,26.333764619901636,25.730467301243145,26.937061938560127
4.42605,26.452419681381343,25.989497598909757,26.91534176385293
4.449345,26.70736328948026,26.093281219966755,27.321445358993763
4.47264,26.64375006562054,25.618689233777335,27.668810897463747
4.495935,26.720636539993063,25.386384174149022,28.054888905837103
4.51923,26.856208490606907,25.382314823806244,28.33010215740757
4.542525,26.941653369563568,25.553611872415242,28.329694866711893
4.5658199999999995,26.898951014709997,25.58966867259319,28.208233356826803
4.589115,27.1123454304657,26.063716621643497,28.160974239287906
4.61241,27.314407456064274,26.495034210180105,28.133780701948442
4.635705,27.254597352565195,26.395162737057483,28.114031968072908
4.659,27.178383334496935,26.28113734010683,28.07562932888704
4.682295,27.450064598701804,26.296470301581802,28.603658895821805
4.70559,27.391868712823936,25.928514585650074,28.855222839997797
4.728885,27.07234046827141,25.40736997528535,28.73731096125747
4.75218,27.13242850038906,25.45281056929515,28.812046431482973
4.775475,26.96071869109146,25.310233583087147,28.611203799095776
4.79877,26.76603225658741,25.42962070187521,28.102443811299608
4.822065,26.825880020887517,25.887804778680746,27.76395526309429
4.84536,27.140519723278608,26.348542562376952,27.932496884180264
4.8686549999999995,27.024928692048658,26.16118654979806,27.888670834299255
4.89195,27.16690487315823,26.296386325628063,28.0374234206884
4.915245,27.00974556609375,26.19108687551153,27.828404256675967
4.93854,27.067425537312133,25.925884385046565,28.2089666895777
4.961835,26.79234481527459,25.611195632024202,27.973493998524976
4.98513,26.806230661153815,25.747639942485904,27.864821379821727
5.008425,26.72773666265992,25.54974685347473,27.905726471845114
5.03172,26.757770674466514,25.34548641010349,28.170054938829537
5.055015,26.745616602167857,25.48994347617843,28.001289728157285
5.07831,27.0299514123364,26.127086630904692,27.932816193768105
5.101605,26.99994057986136,26.13179000274474,27.86809115697798
5.1249,27.071190935262933,26.243552503408836,27.89882936711703
5.148195,27.03092941302313,26.18721537646029,27.87464344958597
5.17149,26.887069984317336,26.052403792080952,27.72173617655372
5.1947849999999995,26.689640573565818,25.473422743226305,27.90585840390533
5.21808,26.881813507663736,25.31647017155788,28.44715684376959
5.241375,26.82660028593948,25.193032996082096,28.460167575796866
5.26467,26.977210728480838,25.576542920166315,28.37787853679536
5.287965,26.905353373490122,25.706063033843613,28.104643713136632
5.31126,26.942042061761086,25.993869371229472,27.8902147522927
5.334555,27.072759099951863,26.405344556685453,27.740173643218274
5.35785,27.22177768391669,26.648850092433324,27.79470527540006
5.381145,27.286364740243748,26.620904384132267,27.95182509635523
5.40444,27.38481651988158,26.687639164467022,28.081993875296135
5.427735,27.400729559179798,26.524064219635594,28.277394898724
5.45103,27.268543970154965,25.971651045598477,28.565436894711453
5.474325,27.201923267327807,25.951332452057407,28.452514082598206
5.4976199999999995,27.133122213607965,25.9014420526252,28.36480237459073
5.520915,27.123273393898607,25.970010029945133,28.27653675785208
5.54421,26.90676398958643,25.90845669110387,27.905071288068992
5.567505,27.134820757832546,26.476241511063815,27.793400004601278
5.5908,27.368750151348486,26.812481288697604,27.925019013999368
5.614095,27.348292022555604,26.801664322355258,27.89491972275595
5.63739,27.377935706850877,26.942099787713317,27.813771625988437
5.660685,27.414603797242542,26.785036736799647,28.044170857685437
5.68398,27.199132639686617,26.404353018330596,27.993912261042638
5.707275,27.161968578176545,26.08830886602223,28.235628290330858
5.73057,27.28844417775018,26.23461355421425,28.34227480128611
5.753865,27.2171316345776,26.135380857062653,28.29888241209255
5.77716,27.303206998753488,26.24718697590803,28.359227021598947
5.800455,27.3381003257358,26.06738688593227,28.608813765539335
5.8237499999999995,27.41907568744714,25.955689176736435,28.882462198157846
5.847045,27.31736862301616,25.93720656860144,28.697530677430883
5.87034,27.41156951153215,26.207360416439506,28.615778606624794
5.893635,27.479244283028265,26.455660862466573,28.502827703589958
5.91693,27.470503282654445,26.689574460732768,28.25143210457612
5.940225,27.28659753692179,26.457924159611885,28.115270914231694
5.96352,27.297350834809397,26.36901069009943,28.225690979519364
5.986815,28.211649992897726,26.93651215977538,29.486787826020073
6.01011,28.03603853913205,26.875437775853154,29.196639302410947
6.033405,27.80029281001179,26.6788965103389,28.921689109684678
6.0567,27.56313021135631,26.502775609399805,28.623484813312814
6.079995,29.861156980373696,26.67608140773938,33.04623255300801
6.10329,29.70993016530444,26.97066984782479,32.44919048278408
6.1265849999999995,29.785174487998372,27.034649146395214,32.535699829601526
6.14988,29.940222249959,27.304749902434548,32.575694597483455
6.173175,32.30201600541763,27.16900338743478,37.43502862340047
6.19647,31.590124830630643,26.583347355634626,36.59690230562666
6.219765,30.69755074128078,26.455625195657117,34.93947628690444
6.24306,31.081089860665255,26.825807518529352,35.33637220280116
6.266355,33.34084994087261,26.904524405850474,39.777175475894744
6.28965,33.45821990519006,27.17640581302193,39.740033997358196
6.312945,32.567942233124654,27.99844190739695,37.13744255885236
6.33624,33.21040083304574,29.32204312625425,37.09875853983723
6.359535,33.08883689870936,29.171123726497214,37.006550070921506
6.38283,32.919563352105655,29.298485658922917,36.54064104528839
6.406125,31.751119692961687,29.7571401357727,33.74509925015067
6.42942,31.631544100838354,29.640013409499264,33.62307479217744
6.4527149999999995,31.025014624943726,28.89400488084273,33.15602436904472
6.47601,33.05842159664262,28.681334769252175,37.43550842403306
6.499305,32.64437577431384,28.73236063730556,36.556390911322126
6.5226,32.456691912880125,29.363720109031597,35.54966371672865
6.545895,32.63744432780113,29.40586013231725,35.869028523285
6.56919,34.8219785840091,29.93019404580486,39.713763122213344
6.592485,34.55463561390564,30.143615122864468,38.96565610494681
6.61578,33.138849845151114,29.283296482005785,36.99440320829645
6.639075,32.54458238965863,29.6806791641415,35.408485615175756
6.66237,33.221462472772394,29.222228369962092,37.22069657558269
6.685665,33.43362574614299,28.80294773361776,38.06430375866822
6.70896,32.5994625285047,29.583681736327396,35.615243320682005
6.732255,33.264005076190884,30.080608403566902,36.44740174881487
6.7555499999999995,32.637509023416754,29.55482323498138,35.72019481185213
6.778845,33.23446145485849,29.517138399377203,36.95178451033978
6.80214,32.12089700769074,29.44741626123105,34.79437775415043
6.825435,31.592542128884077,29.34345028366661,33.84163397410155
6.84873,31.164265132054176,29.484255770232956,32.844274493875396
6.872025,34.11712768290293,30.300690098885454,37.93356526692041
6.89532,34.5411553458383,30.576802567263158,38.50550812441344
6.918615,34.35346212390367,30.89666975438415,37.81025449342319
6.94191,34.15049895690295,30.789242356346076,37.51175555745983
6.965205,35.320284572224665,30.39366536460186,40.24690377984747
6.9885,34.33941523303989,29.87592367416526,38.80290679191451
7.011795,32.86898754387691,29.871590305395046,35.86638478235878
7.03509,32.65984072580635,29.697492503151825,35.62218894846087
7.058385,32.38189089273186,29.92174482516455,34.84203696029917
7.0816799999999995,33.360663242180955,30.57036804535001,36.1509584390119
7.104975,32.69176538794285,31.14858483537834,34.23494594050736
7.12827,32.558260559884886,30.90862310894137,34.2078980108284
7.151565,32.02343206016794,30.845281597422023,33.20158252291386
7.17486,33.969746178223716,31.121021030512026,36.818471325935406
7.198155,33.96976192318273,32.55550044631143,35.38402340005403
7.22145,33.54086448885759,31.52214628545247,35.559582692262715
7.244745,33.12257539271035,31.18676540618018,35.058385379240526
7.26804,34.854424591989506,30.973113540281542,38.735735643697474
7.291335,35.0843307038174,33.187121276942946,36.981540130691855
7.31463,33.67629774993301,32.81273715199205,34.539858347873974
7.337925,33.41395210285669,32.34825651786178,34.4796476878516
7.36122,34.13898831498584,32.419599238267466,35.85837739170421
7.3845149999999995,35.095027938107116,32.43417607148508,37.75587980472915
7.40781,33.512243666925556,30.542512262367584,36.48197507148353
7.431105,33.406655030350706,30.573287902117258,36.24002215858415
7.4544,33.34757772857492,30.306180177204475,36.38897527994536
7.477695,34.80900960078758,32.95360273887097,36.664416462704196
7.50099,33.595416339149665,32.685549269964135,34.505283408335195
7.524285,33.29865847776511,31.843445167448362,34.75387178808186
7.54758,32.33018579496989,31.809895743309742,32.85047584663005
7.570875,34.216620099779966,30.824229826205535,37.6090103733544
7.59417,34.00685210920571,32.053369111051985,35.960335107359434
7.617465,33.35978307481922,32.53181314668772,34.18775300295072
7.64076,33.24235333409993,32.450192034290644,34.03451463390922
7.664055,35.722092055571444,33.081746683366816,38.36243742777607
7.68735,36.80048455742952,35.051146510888636,38.549822603970405
7.7106449999999995,35.780453933113776,34.65403458547374,36.906873280753814
7.73394,35.37614078909186,33.36994642945337,37.382335148730355
7.757235,34.96524882457131,32.69583455558268,37.234663093559945
7.78053,35.80173197448474,33.72833448091956,37.87512946804992
7.803825,33.772540104157116,31.60435576761767,35.94072444069656
7.82712,33.187491764183754,31.35278287908531,35.0222006492822
7.850415,33.000831979424,31.001766433253533,34.99989752559446
7.87371,35.07540465906472,33.23998774616432,36.91082157196513
7.897005,34.5754100888736,33.24796088308305,35.902859294664154
7.9203,34.15084391527367,32.74336113770571,35.558326692841625
7.943595,33.531389325646344,32.31086378469324,34.75191486659945
7.96689,35.030542301915844,30.958986216441268,39.10209838739042
7.990185,35.83852421741405,32.16892471031032,39.50812372451777
8.01348,34.65516581355126,33.83906662063236,35.471265006470155
8.036775,34.62843117505948,33.384029257613804,35.87283309250516
8.06007,35.3435170373282,33.30352954373359,37.38350453092281
8.083365,36.1483759431797,34.72947109977187,37.56728078658753
8.10666,34.089693058968926,32.394857086251385,35.78452903168647
8.129955,33.39952981242857,32.18511610296615,34.61394352189099
8.15325,33.323236269685424,32.14309865258763,34.503373886783216
8.176544999999999,35.14289703232932,34.240930396356134,36.04486366830251
8.19984,34.29087329946222,33.79096118882472,34.79078541009972
8.223135,33.610457602801084,31.180795516505004,36.04011968909716
8.24643,32.88986353349727,31.412190559882166,34.36753650711237
8.269725,34.31487935414425,30.708119520776805,37.9216391875117
8.29302,40.49357526260118,31.62670050662146,49.360450018580906
8.316315,41.65394456321611,26.468142150935336,56.83974697549688
8.33961,41.3172690045009,26.789775255018135,55.844762753983666
8.362905,41.34789454872356,31.867205531233157,50.828583566213965
8.3862,41.02102089099854,35.18585766696054,46.85618411503655
8.409495,36.24381493519356,35.215916464255386,37.27171340613174
8.43279,34.690034563699584,32.310774349532466,37.0692947778667
8.456085,34.391824310231584,30.91113728920503,37.87251133125814
8.479379999999999,35.86429862413232,30.771202421178614,40.95739482708602
8.502675,35.582036161641454,29.772808729043778,41.391263594239135
8.52597,35.52211504958164,30.89449604307624,40.14973405608705
8.549265,35.70212460071967,31.160791468898235,40.24345773254111
8.57256,38.613837565723756,33.96764265410121,43.2600324773463
8.595855,37.81215206823049,32.58611434175089,43.038189794710085
8.61915,36.0338917048747,31.525342208990462,40.54244120075893
8.642445,35.14197776520008,31.409203420703882,38.87475210969628
8.66574,36.80759823193359,34.13908470325057,39.47611176061661
8.689035,37.44326057984081,34.236758573167144,40.64976258651448
8.71233,35.91751367155862,34.42385733784938,37.41117000526787
8.735625,35.24427173182501,33.357512915528474,37.131030548121544
8.75892,34.64303860733858,31.93048864197292,37.35558857270424
8.782215,34.959038959512995,32.25898100932691,37.65909690969908
8.80551,33.25042128868928,30.69636592014332,35.80447665723524
8.828805,33.12267148787071,31.450290604560585,34.79505237118084
8.8521,33.08983734806039,31.22386192638907,34.955812769731715
8.875395,35.31722760771639,34.06621361253863,36.56824160289415
8.89869,35.037252804684485,34.391266702808416,35.683238906560554
8.921985,34.080557517546836,31.41222229417256,36.74889274092111
8.94528,33.334825075725306,31.574298348631743,35.09535180281887
8.968575,34.902226249676914,31.539451924805334,38.265000574548495
8.99187,35.93176703971297,34.2229097274421,37.640624351983845
9.015165,34.38825395654028,33.34979251094965,35.42671540213092
9.03846,34.22874229670339,33.337559600081725,35.11992499332505
9.061755,35.174719203155476,32.32543151061245,38.024006895698506
9.08505,35.96856280541269,32.866243572900615,39.07088203792476
9.108345,33.69415579789281,31.501694997560218,35.88661659822541
9.131639999999999,33.15724870115169,31.23841670555988,35.07608069674349
9.154935,33.307834489167064,30.784617073807127,35.831051904527
9.17823,35.41254581153902,34.06288896434258,36.76220265873546
9.201525,34.94260906530748,33.80612412334928,36.07909400726568
9.22482,34.164485211245996,33.30302992244447,35.02594050004752
9.248115,34.03904583070549,33.31697188662998,34.761119774781
9.27141,35.87559433723035,33.770889509233164,37.98029916522754
9.294705,35.1344082119024,33.6141809861233,36.65463543768149
9.318,33.209923950155236,32.40650654636611,34.01334135394436
9.341295,33.18961116832868,32.680717036257164,33.6985053004002
9.36459,35.612228999322184,33.0017006119086,38.222757386735765
9.387885,36.91981515442147,34.16551414287328,39.674116165969664
9.41118,35.23704897760023,32.96717600817656,37.506921947023905
9.434474999999999,34.983540553000246,32.8100812187833,37.15699988721719
9.45777,34.779316128247615,32.19194186791749,37.36669038857774
9.481065,34.862813220632155,31.86474861873588,37.86087782252843
9.50436,32.72081446288397,30.36497834095537,35.07665058481257
9.527655,32.11935458148628,31.42190052978183,32.816808633190725
9.55095,31.92953320592978,31.009181325467978,32.84988508639158
9.574245,34.27863390234625,31.521181244671872,37.03608656002063
9.59754,33.92868649128167,31.26588310258552,36.591489879977814
9.620835,33.31004880827656,32.475320973813005,34.14477664274012
9.64413,33.50892807580643,32.408514091569664,34.6093420600432
9.667425,35.49002136028073,31.806654299366585,39.17338842119487
9.69072,36.46072240250749,33.755103285577164,39.16634151943782
9.714015,35.85356102778021,34.34152053332747,37.36560152223295
9.737309999999999,35.94257308133811,34.54766152700549,37.337484635670734
9.760605,36.50274766683272,34.37839383512112,38.62710149854431
9.7839,37.26117626570407,34.944577193472945,39.5777753379352
9.807195,35.03604380353268,31.405528133281283,38.666559473784076
9.83049,33.99409953464256,29.82318566992772,38.1650133993574
9.853785,33.33137740890426,28.944566883393144,37.718187934415376
9.87708,35.04026874013147,32.82682260892128,37.25371487134165
9.900375,34.49083421017687,32.46222597046525,36.519442449888494
9.92367,34.496539360705924,33.18701428827064,35.80606443314121
9.946965,34.47707098449663,32.96592550410376,35.9882164648895
9.97026,35.634777707317895,32.96042668414113,38.309128730494656
9.993555,35.084621147739064,32.51099122099891,37.65825107447922
10.01685,34.49505698581376,33.148320593113844,35.84179337851368
10.040145,34.60265290864682,32.86508913331142,36.34021668398221
10.06344,34.772140142171224,32.76318446072281,36.78109582361964
10.086735,35.06723723987775,33.8741175516724,36.2603569280831
10.11003,33.24545636790191,31.859063149297043,34.631849586506775
10.133325,32.3022951833566,30.621753252162602,33.9828371145506
10.15662,31.187391023930175,30.268659733587818,32.10612231427253
10.179915,33.34589351958482,32.02569802666315,34.66608901250649
10.20321,33.389293403310944,31.452551589731453,35.32603521689044
10.226505,33.60722090741254,32.36894908170797,34.84549273311711
10.2498,33.24279156673251,32.04817909172314,34.43740404174187
10.273095,35.266121547371604,33.74163932649887,36.79060376824434
10.29639,35.3025096681361,34.231525761987996,36.37349357428421
10.319685,34.52274496410035,33.0413951237736,36.0040948044271
10.34298,34.52936260359493,33.38722720560472,35.67149800158515
10.366275,36.26077192358082,32.705676959523764,39.815866887637874
10.389569999999999,36.750661601023566,33.53336523761729,39.96795796442984
10.412865,34.0742382536224,32.729332819478046,35.41914368776675
10.43616,33.518924734497,31.81073068426797,35.227118784726024
10.459455,32.784167783581154,30.646427938825234,34.921907628337074
10.48275,34.0045699268628,31.883635103202632,36.125504750522964
10.506045,33.24780425330671,30.869364796200152,35.62624371041327
10.52934,33.64315055546556,31.988138134450335,35.29816297648079
10.552635,33.21105208686427,31.473378161880245,34.9487260118483
10.57593,36.417113668001704,33.46209697388928,39.37213036211413
10.599225,35.72813828284242,33.165084380654235,38.29119218503061
10.62252,34.566406624583635,32.99404564240423,36.13876760676304
10.645815,34.19136101456405,33.195129901084975,35.18759212804313
10.66911,36.22185379850585,33.76495241618115,38.67875518083054
10.692404999999999,35.7191427412387,33.3656279339167,38.0726575485607
10.7157,33.677089832018815,32.65550862566982,34.69867103836781
10.738995,33.61756695412888,32.949487835955715,34.28564607230205
10.76229,34.95015526428616,31.999874943954016,37.90043558461831
10.785585,35.970149542096635,32.68983055731171,39.25046852688156
10.80888,34.480491227617414,31.943657570233245,37.01732488500158
10.832175,34.71944852246045,33.09748719696769,36.341409847953216
10.85547,34.58104379628341,32.771810120110686,36.390277472456134
10.878765,35.74096409512379,33.13006614776854,38.35186204247905
10.90206,34.9075468508581,31.949357529718664,37.865736171997526
10.925355,35.191396441859446,32.67428987852304,37.70850300519585
10.94865,35.145152184932854,32.3590374262168,37.93126694364891
10.971945,36.29650799670246,33.980661535901206,38.61235445750371
10.995239999999999,36.03269638854511,33.31243656164579,38.752956215444435
11.018535,34.921701010507334,32.52016185114203,37.32324016987264
11.04183,34.236476927028576,31.867708089424216,36.60524576463294
11.065125,35.47849034655291,32.57157233691703,38.38540835618879
11.08842,36.34271349725907,33.37655407005603,39.30887292446211
11.111715,34.44302336120393,33.121643172937915,35.76440354946994
11.13501,33.7781483843163,32.3130336340811,35.243263134551505
11.158305,32.676993021090965,30.651444452157605,34.702541590024325
11.1816,33.62698884337892,31.645240146085662,35.60873754067217
11.204895,33.425190371872716,31.354683881054605,35.49569686269083
11.22819,33.60491299052173,32.57724293115646,34.632583049887
11.251485,33.376303333047034,32.28883406138106,34.46377260471301
11.27478,35.807239322618415,33.45735277647968,38.15712586875715
11.298075,35.097296729595016,33.12184248561897,37.07275097357106
11.32137,34.00420062227327,32.350234675032276,35.65816656951426
11.344664999999999,34.077726144147746,32.64113041842292,35.514321869872575
11.36796,35.87386376388255,34.27464875368111,37.47307877408398
11.391255,36.66136069532111,35.416487303586514,37.9062340870557
11.41455,34.88031887870621,34.14711685795862,35.6135208994538
11.437845,34.09610458801262,33.24264940637116,34.94955976965409
11.46114,34.990782713204965,31.145412628898175,38.83615279751175
11.484435,35.65095016283058,31.709568960610902,39.59233136505026
11.50773,33.821820244692944,30.765206005708414,36.878434483677474
11.531025,34.13735631386939,33.21060733152431,35.06410529621447
11.55432,34.01413071437926,32.86926383258995,35.158997596168575
11.577615,35.42397788313221,33.33992670126293,37.50802906500149
11.60091,34.96440799613309,32.791150897790786,37.137665094475395
11.624205,34.79373806879147,33.62027584882647,35.967200288756466
11.647499999999999,34.59902085014613,33.84132754099791,35.356714159294356
11.670795,36.44450278982212,34.41325798436908,38.47574759527515
11.69409,35.919219525835885,34.76289373121162,37.07554532046015
11.717385,34.07248020202436,32.95644346203756,35.188516942011155
11.74068,33.390587353981445,31.878907258926752,34.90226744903614
11.763975,34.892256666423606,31.649844862404667,38.13466847044254
11.78727,35.806215870300434,33.042458826920175,38.569972913680694
11.810565,33.920910212126536,32.13594401810774,35.70587640614533
11.83386,33.79604946326596,32.6257606226551,34.96633830387682
11.857155,33.54536966092597,31.900931016355983,35.18980830549596
11.88045,34.559610645949604,32.52417706229899,36.59504422960022
11.903745,32.99465887218249,30.722836750253634,35.26648099411135
11.92704,32.810301065726385,31.609721955652425,34.010880175800345
11.950334999999999,32.61811529323763,31.926079164325817,33.31015142214944
11.97363,35.66976562222928,32.62184679538854,38.71768444907001
11.996925,35.414698730609295,32.18718545577711,38.64221200544148
12.02022,35.20108030539043,33.95815478945137,36.44400582132948
12.043515,35.50587986276717,33.87475567633417,37.13700404920018
12.06681,37.24086299491139,35.98333802499144,38.49838796483134
12.090105,36.694510720285194,36.145953039090394,37.243068401479995
12.1134,34.305831319497095,33.24635264572486,35.36530999326933
12.136695,33.95121177220963,33.094915928604756,34.80750761581451
12.15999,35.023397592252216,32.85189237656026,37.194902807944175
12.183285,36.32685891860669,34.21996421924657,38.43375361796681
12.20658,34.317648359285926,32.157993804347214,36.47730291422464
12.229875,34.51067106162252,32.09310357841856,36.92823854482648
12.253169999999999,33.9798157840199,32.49257215322195,35.46705941481785
12.276465,34.59399897504114,32.530691995949645,36.65730595413263
12.29976,33.57742378122071,31.751030483359994,35.40381707908143
12.323055,33.78743812417291,33.10766990734989,34.46720634099593
12.34635,34.08497555943019,32.75020827695256,35.41974284190782
12.369645,35.57917743257803,32.573682415041645,38.58467245011441
12.39294,36.12008525298593,34.17912879375787,38.06104171221399
12.416235,34.273834172075524,33.21466645324268,35.33300189090837
12.43953,34.25416086927059,33.31371825722053,35.194603481320655
12.462825,36.218578151895166,32.483823537864936,39.953332765925396
12.48612,38.20164866347878,33.57213222388733,42.83116510307023
12.509415,37.184048605417196,31.666838646204177,42.701258564630216
12.53271,38.45192950423559,34.23327734118802,42.670581667283166
12.556004999999999,38.284105206841595,33.661619142821195,42.906591270861995
12.5793,37.114080512845845,33.05133458058192,41.17682644510977
12.602594999999999,34.44445805594992,32.73443051946834,36.154485592431506
12.62589,33.37197590439,31.16371367230912,35.580238136470875
12.649185,32.506626734357546,29.734922298969924,35.278331169745165
12.67248,33.55399950089993,30.51894820361038,36.589050798189476
12.695775,33.893115716548074,33.162486313711064,34.623745119385084
12.71907,32.92139606964981,31.437078639378594,34.40571349992102
12.742365,32.46269741552166,30.97428388631929,33.95111094472403
12.76566,33.890908533151176,29.963236858033554,37.8185802082688
12.788955,34.95604730862562,31.032830656214387,38.879263961036855
12.81225,33.47236981902032,30.986817889562403,35.95792174847824
12.835545,33.93956633506248,32.44276647557945,35.43636619454551
12.85884,33.74544633475874,31.997155327896515,35.493737341620964
12.882135,34.945682037765195,33.23714500512748,36.65421907040291
12.905429999999999,33.816510387135196,31.580137565420763,36.05288320884963
12.928725,34.02291686556556,32.303179959544934,35.74265377158619
12.95202,34.052107451241575,32.035965349164144,36.068249553319006
12.975315,35.91326619959286,34.704212545548906,37.12231985363682
12.99861,34.43494278443369,33.897383009039004,34.97250255982837
13.021905,32.84051138944308,31.048599398885518,34.632423380000645
13.0452,32.73404052635068,30.708591088809474,34.75948996389189
13.068495,34.14762359296405,30.988342576230444,37.30690460969766
13.09179,34.998084392714766,32.69218591437036,37.30398287105917
13.115085,33.52387806953551,32.05410734590445,34.99364879316658
13.13838,33.76475395276386,32.75905523936136,34.77045266616636
13.161675,34.79069134770086,31.51946715418781,38.0619155412139
13.18497,35.74933172819756,32.123395167280684,39.37526828911444
13.208264999999999,33.738233770903584,31.185567774837704,36.29089976696947
13.23156,34.15601582725109,33.12311012670769,35.18892152779449
13.254855,34.24032238324162,33.267717332442,35.21292743404124
13.27815,35.672812590192194,34.91594148576165,36.42968369462274
13.301445,34.65356766383471,32.74110025081391,36.566035076855506
13.32474,33.74125261772222,31.412485348432146,36.07001988701229
13.348035,33.65260366695859,30.801857536637087,36.503349797280094
13.37133,35.192871422035736,31.03809804722945,39.34764479684202
13.394625,33.364490137108916,30.350053660747985,36.378926613469844
13.41792,30.551011784094307,25.60237339863974,35.49965016954887
13.441215,33.7368386416714,24.800295218313646,42.673382065029145
13.46451,36.49932522740576,22.38915550891175,50.609494945899776
13.487805,40.9417054518897,22.222714167575123,59.66069673620429
13.511099999999999,31.05321728574187,31.05321728574187,31.05321728574187
13.534395,34.73684342572659,34.73684342572659,34.73684342572659
13.55769,33.72405251602607,33.72405251602607,33.72405251602607
13.580985,33.33993007468762,33.33993007468762,33.33993007468762
13.60428,33.95405781021296,33.95405781021296,33.95405781021296
13.627575,37.03138145798855,37.03138145798855,37.03138145798855
13.65087,35.45837367638868,35.45837367638868,35.45837367638868
13.674165,32.82254436279887,32.82254436279887,32.82254436279887
13.69746,34.183398835953966,34.183398835953966,34.183398835953966
13.720755,35.685834638830364,35.685834638830364,35.685834638830364
13.74405,32.68799464440286,32.68799464440286,32.68799464440286
13.767345,25.903926657156788,25.903926657156788,25.903926657156788
13.79064,nan,nan,nan
13.813934999999999,nan,nan,nan
13.83723,nan,nan,nan
13.860524999999999,nan,nan,nan
13.88382,224.248478171789,224.248478171789,224.248478171789
13.907115,497.4582756106807,317.97696115136534,676.939590069996
13.93041,497.4582756106807,317.97696115136534,676.939590069996
13.953705,588.5282080903113,561.9383611479233,615.1180550326993
